label,n_classes,silhouette_score_cosine
theme,4,0.0685244128108024
genre,4,0.036064513027668
model_family,5,-0.0075385062955319
