,precision,recall,f1-score,support
Claude,0.8592233009708737,0.885,0.8719211822660099,200.0
DeepSeek,0.7818181818181819,0.86,0.819047619047619,200.0
GPT,0.7609756097560976,0.78,0.7703703703703704,200.0
Gemini,0.7475728155339806,0.77,0.7586206896551724,200.0
Mistral,0.7361963190184049,0.6,0.6611570247933884,200.0
accuracy,0.779,0.779,0.779,0.779
macro avg,0.7771572454195077,0.7790000000000001,0.776223377226512,1000.0
weighted avg,0.7771572454195076,0.779,0.776223377226512,1000.0
